size,c_hr,c_hr_hi,c_hr_lo,c_hr_se
12.91889251,45.96329756,55.0917561,36.83483903,9.128458535
13.71836442,102.9482658,118.7137172,87.18092831,15.76639445
