log10ppm,probit
0.596812106,3.583038869
0.690659087,4.091872792
0.771316639,4.399293286
0.847641727,4.727915194
0.895682901,5.024734982
0.954493778,5.183745583
0.993854663,5.501766784
