conc,mort,se
0,0,0
0.06,0,0
0.12,0.086859656,0.087631418
0.25,0.089932143,0.08249119
0.5,0.755424178,0.128869732
1,0.838410461,0.113405364
